-- don't ctrl + alt + L here!
INSERT INTO users (id, avatar_high, avatar_low, avatar_medium, city, confirmed, user_created, user_email, verification_key, user_last_action, msisdn, user_name, password, user_surname, user_sports) VALUES (73, null, null, null, 'KAZAN', true, E'\\xACED00057372000D6A6176612E74696D652E536572955D84BA1B2248B20C00007870770E05000007E1040C0E0F2D16E3600078', 'hajrullinbulat@gmail.com', null, null, '79991697612', 'Булат', '$2a$04$mAtCce6W2wAHKLw/XBjf.u2u1EKaFXzgjbjmnqyuEzYyECxQt/Y0q', 'Хайруллин', '{"json":[{"name":"FOOTBALL","level":"PROFESSIONAL"},{"name":"FOOTBALL","level":"NEW"},{"name":"FOOTBALL","level":"AMATEUR"}]}');
INSERT INTO users (id, avatar_high, avatar_low, avatar_medium, city, confirmed, user_created, user_email, verification_key, user_last_action, msisdn, user_name, password, user_surname, user_sports) VALUES (101, null, null, null, 'KAZAN', true, E'\\xACED00057372000D6A6176612E74696D652E536572955D84BA1B2248B20C00007870770E05000007E1040C0E0F2D16E3600078', 'dima.kuzin@dz.ru', null, null, '79991697611', 'Дима', '$2a$04$mAtCce6W2wAHKLw/XBjf.u2u1EKaFXzgjbjmnqyuEzYyECxQt/Y0q', 'Кузин', '{"json":[{"name":"FOOTBALL","level":"PROFESSIONAL"},{"name":"FOOTBALL","level":"NEW"},{"name":"FOOTBALL","level":"AMATEUR"}]}');
INSERT INTO users (id, avatar_high, avatar_low, avatar_medium, city, confirmed, user_created, user_email, verification_key, user_last_action, msisdn, user_name, password, user_surname, user_sports) VALUES (79, null, null, null, 'KAZAN', true, E'\\xACED00057372000D6A6176612E74696D652E536572955D84BA1B2248B20C00007870770E05000007E1040C0E0F2D16E3600078', 'aydar@gmail.com', null, null, '79991697613', 'Айдар', '$2a$04$mAtCce6W2wAHKLw/XBjf.u2u1EKaFXzgjbjmnqyuEzYyECxQt/Y0q', 'Фаррахов', '{"json":[{"name":"FOOTBALL","level":"PROFESSIONAL"},{"name":"FOOTBALL","level":"NEW"},{"name":"FOOTBALL","level":"AMATEUR"}]}');
INSERT INTO users (id, avatar_high, avatar_low, avatar_medium, city, confirmed, user_created, user_email, verification_key, user_last_action, msisdn, user_name, password, user_surname, user_sports) VALUES (100, null, null, null, 'KAZAN', true, E'\\xACED00057372000D6A6176612E74696D652E536572955D84BA1B2248B20C00007870770E05000007E1040C0E0F2D16E3600078', 'pavel@gmail.com', null, null, '79991697614', 'Павел', '$2a$04$mAtCce6W2wAHKLw/XBjf.u2u1EKaFXzgjbjmnqyuEzYyECxQt/Y0q', 'Боробов', '{"json":[{"name":"FOOTBALL","level":"PROFESSIONAL"},{"name":"FOOTBALL","level":"NEW"},{"name":"FOOTBALL","level":"AMATEUR"}]}');
INSERT INTO users (id, avatar_high, avatar_low, avatar_medium, city, confirmed, user_created, user_email, verification_key, user_last_action, msisdn, user_name, password, user_surname, user_sports) VALUES (102, null, null, null, 'KAZAN', true, E'\\xACED00057372000D6A6176612E74696D652E536572955D84BA1B2248B20C00007870770E05000007E1040C0E0F2D16E3600078', 'ildar@gmail.com', null, null, '79991697615', 'Ильдар', '$2a$04$mAtCce6W2wAHKLw/XBjf.u2u1EKaFXzgjbjmnqyuEzYyECxQt/Y0q', 'Назмеев', '{"json":[{"name":"FOOTBALL","level":"PROFESSIONAL"},{"name":"FOOTBALL","level":"NEW"},{"name":"FOOTBALL","level":"AMATEUR"}]}');
INSERT INTO users (id, avatar_high, avatar_low, avatar_medium, city, confirmed, user_created, user_email, verification_key, user_last_action, msisdn, user_name, password, user_surname, user_sports) VALUES (103, null, null, null, 'KAZAN', true, E'\\xACED00057372000D6A6176612E74696D652E536572955D84BA1B2248B20C00007870770E05000007E1040C0E0F2D16E3600078', 'matvey@gmail.com', null, null, '79991697616', 'Матвей', '$2a$04$mAtCce6W2wAHKLw/XBjf.u2u1EKaFXzgjbjmnqyuEzYyECxQt/Y0q', 'Кример', '{"json":[{"name":"FOOTBALL","level":"PROFESSIONAL"},{"name":"FOOTBALL","level":"NEW"},{"name":"FOOTBALL","level":"AMATEUR"}]}');

INSERT INTO roles (id, role_name) VALUES (1, 'USER');
INSERT INTO roles (id, role_name) VALUES (2, 'GUEST');
INSERT INTO roles (id, role_name) VALUES (3, 'ADMIN');

INSERT INTO user_role (user_id, role_id) VALUES (73, 1);

INSERT INTO sections (id, section_address, section_created, section_info, section_status, section_author_id, section_sport) VALUES (1, 'Нурсултана Назарбаева 70', null, 'Информация о секции волейбола', null, 73, 'VOLLEYBALL');
INSERT INTO sections (id, section_address, section_created, section_info, section_status, section_author_id, section_sport) VALUES (2, 'Нурсултана Назарбаева 71', null, 'Информация о секции футбола', null, 101, 'FOOTBALL');

INSERT INTO checked_sections (id, checked_sections_date, checked_sections_status, section_id, user_id) VALUES (1, null, 'APPROVED', 1, 102);
INSERT INTO checked_sections (id, checked_sections_date, checked_sections_status, section_id, user_id) VALUES (2, null, 'WAITING', 1, 101);
INSERT INTO checked_sections (id, checked_sections_date, checked_sections_status, section_id, user_id) VALUES (3, null, 'CANCELED', 2, 73);
INSERT INTO checked_sections (id, checked_sections_date, checked_sections_status, section_id, user_id) VALUES (4, null, 'APPROVED', 2, 100);

INSERT INTO public.adverts (id, advert_created, advert_info, advert_last_action, advert_min_level, advert_persons_count, advert_sport, advert_status, advert_author_id) VALUES (74, E'\\xACED00057372000D6A6176612E74696D652E536572955D84BA1B2248B20C00007870770E05000007E1040C0E0F2D1833118078', 'Информация по адверту 74', null, 'AMATEUR', 1, 'FOOTBALL', 'OPEN', 73);
INSERT INTO public.adverts (id, advert_created, advert_info, advert_last_action, advert_min_level, advert_persons_count, advert_sport, advert_status, advert_author_id) VALUES (75, E'\\xACED00057372000D6A6176612E74696D652E536572955D84BA1B2248B20C00007870770E05000007E1040C0E0F2D1833118078', 'Информация по адверту 75', null, 'SEMIPRO', 1, 'FOOTBALL', 'CLOSED', 73);
INSERT INTO public.adverts (id, advert_created, advert_info, advert_last_action, advert_min_level, advert_persons_count, advert_sport, advert_status, advert_author_id) VALUES (76, E'\\xACED00057372000D6A6176612E74696D652E536572955D84BA1B2248B20C00007870770E05000007E1040C0E0F2D1833118078', 'Информация по адверту 75', null, 'SEMIPRO', 1, 'FOOTBALL', 'CLOSED', 100);
INSERT INTO public.adverts (id, advert_created, advert_info, advert_last_action, advert_min_level, advert_persons_count, advert_sport, advert_status, advert_author_id) VALUES (77, E'\\xACED00057372000D6A6176612E74696D652E536572955D84BA1B2248B20C00007870770E05000007E1040C0E0F2D1833118078', 'Информация по адверту 75', null, 'SEMIPRO', 1, 'FOOTBALL', 'CLOSED', 101);
INSERT INTO public.adverts (id, advert_created, advert_info, advert_last_action, advert_min_level, advert_persons_count, advert_sport, advert_status, advert_author_id) VALUES (78, E'\\xACED00057372000D6A6176612E74696D652E536572955D84BA1B2248B20C00007870770E05000007E1040C0E0F2D1833118078', 'Информация по адверту 75', null, 'SEMIPRO', 1, 'FOOTBALL', 'CLOSED', 102);
INSERT INTO public.adverts (id, advert_created, advert_info, advert_last_action, advert_min_level, advert_persons_count, advert_sport, advert_status, advert_author_id) VALUES (79, E'\\xACED00057372000D6A6176612E74696D652E536572955D84BA1B2248B20C00007870770E05000007E1040C0E0F2D1833118078', 'Информация по адверту 75', null, 'SEMIPRO', 1, 'FOOTBALL', 'CLOSED', 103);
INSERT INTO public.adverts (id, advert_created, advert_info, advert_last_action, advert_min_level, advert_persons_count, advert_sport, advert_status, advert_author_id) VALUES (80, E'\\xACED00057372000D6A6176612E74696D652E536572955D84BA1B2248B20C00007870770E05000007E1040C0E0F2D1833118078', 'Информация по адверту 75', null, 'SEMIPRO', 1, 'FOOTBALL', 'CLOSED', 100);
INSERT INTO public.adverts (id, advert_created, advert_info, advert_last_action, advert_min_level, advert_persons_count, advert_sport, advert_status, advert_author_id) VALUES (81, E'\\xACED00057372000D6A6176612E74696D652E536572955D84BA1B2248B20C00007870770E05000007E1040C0E0F2D1833118078', 'Информация по адверту 75', null, 'SEMIPRO', 1, 'FOOTBALL', 'CLOSED', 101);
INSERT INTO public.adverts (id, advert_created, advert_info, advert_last_action, advert_min_level, advert_persons_count, advert_sport, advert_status, advert_author_id) VALUES (82, E'\\xACED00057372000D6A6176612E74696D652E536572955D84BA1B2248B20C00007870770E05000007E1040C0E0F2D1833118078', 'Информация по адверту 75', null, 'SEMIPRO', 1, 'FOOTBALL', 'CLOSED', 101);
INSERT INTO public.adverts (id, advert_created, advert_info, advert_last_action, advert_min_level, advert_persons_count, advert_sport, advert_status, advert_author_id) VALUES (83, E'\\xACED00057372000D6A6176612E74696D652E536572955D84BA1B2248B20C00007870770E05000007E1040C0E0F2D1833118078', 'Информация по адверту 75', null, 'SEMIPRO', 1, 'FOOTBALL', 'CLOSED', 102);
INSERT INTO public.adverts (id, advert_created, advert_info, advert_last_action, advert_min_level, advert_persons_count, advert_sport, advert_status, advert_author_id) VALUES (84, E'\\xACED00057372000D6A6176612E74696D652E536572955D84BA1B2248B20C00007870770E05000007E1040C0E0F2D1833118078', 'Информация по адверту 75', null, 'SEMIPRO', 1, 'FOOTBALL', 'CLOSED', 102);
INSERT INTO public.adverts (id, advert_created, advert_info, advert_last_action, advert_min_level, advert_persons_count, advert_sport, advert_status, advert_author_id) VALUES (85, E'\\xACED00057372000D6A6176612E74696D652E536572955D84BA1B2248B20C00007870770E05000007E1040C0E0F2D1833118078', 'Информация по адверту 75', null, 'SEMIPRO', 1, 'FOOTBALL', 'CLOSED', 73);

INSERT INTO public.checked_adverts (id, checked_adverts_date, checked_adverts_status, advert_id, user_id) VALUES (76, E'\\xACED00057372000D6A6176612E74696D652E536572955D84BA1B2248B20C00007870770E05000007E1040C0E34353722614078', 'WAITING', 74, 79);
INSERT INTO public.checked_adverts (id, checked_adverts_date, checked_adverts_status, advert_id, user_id) VALUES (77, E'\\xACED00057372000D6A6176612E74696D652E536572955D84BA1B2248B20C00007870770E05000007E1040C0E34353722614078', 'APPROVED', 74, 100);
INSERT INTO public.checked_adverts (id, checked_adverts_date, checked_adverts_status, advert_id, user_id) VALUES (78, E'\\xACED00057372000D6A6176612E74696D652E536572955D84BA1B2248B20C00007870770E05000007E1040C0E34353722614078', 'CANCELED', 74, 101);
INSERT INTO public.checked_adverts (id, checked_adverts_date, checked_adverts_status, advert_id, user_id) VALUES (79, E'\\xACED00057372000D6A6176612E74696D652E536572955D84BA1B2248B20C00007870770E05000007E1040C0E34353722614078', 'CANCELED', 74, 73);
INSERT INTO public.checked_adverts (id, checked_adverts_date, checked_adverts_status, advert_id, user_id) VALUES (86, E'\\xACED00057372000D6A6176612E74696D652E536572955D84BA1B2248B20C00007870770E05000007E1040C0E34353722614078', 'CANCELED', 77, 73);
INSERT INTO public.checked_adverts (id, checked_adverts_date, checked_adverts_status, advert_id, user_id) VALUES (92, E'\\xACED00057372000D6A6176612E74696D652E536572955D84BA1B2248B20C00007870770E05000007E1040C0E34353722614078', 'CANCELED', 82, 73);
INSERT INTO public.checked_adverts (id, checked_adverts_date, checked_adverts_status, advert_id, user_id) VALUES (80, E'\\xACED00057372000D6A6176612E74696D652E536572955D84BA1B2248B20C00007870770E05000007E1040C0E34353722614078', 'CANCELED', 75, 100);
INSERT INTO public.checked_adverts (id, checked_adverts_date, checked_adverts_status, advert_id, user_id) VALUES (81, E'\\xACED00057372000D6A6176612E74696D652E536572955D84BA1B2248B20C00007870770E05000007E1040C0E34353722614078', 'CANCELED', 75, 101);
INSERT INTO public.checked_adverts (id, checked_adverts_date, checked_adverts_status, advert_id, user_id) VALUES (82, E'\\xACED00057372000D6A6176612E74696D652E536572955D84BA1B2248B20C00007870770E05000007E1040C0E34353722614078', 'CANCELED', 75, 102);
INSERT INTO public.checked_adverts (id, checked_adverts_date, checked_adverts_status, advert_id, user_id) VALUES (83, E'\\xACED00057372000D6A6176612E74696D652E536572955D84BA1B2248B20C00007870770E05000007E1040C0E34353722614078', 'CANCELED', 76, 100);
INSERT INTO public.checked_adverts (id, checked_adverts_date, checked_adverts_status, advert_id, user_id) VALUES (84, E'\\xACED00057372000D6A6176612E74696D652E536572955D84BA1B2248B20C00007870770E05000007E1040C0E34353722614078', 'CANCELED', 76, 101);
INSERT INTO public.checked_adverts (id, checked_adverts_date, checked_adverts_status, advert_id, user_id) VALUES (85, E'\\xACED00057372000D6A6176612E74696D652E536572955D84BA1B2248B20C00007870770E05000007E1040C0E34353722614078', 'CANCELED', 76, 103);
INSERT INTO public.checked_adverts (id, checked_adverts_date, checked_adverts_status, advert_id, user_id) VALUES (87, E'\\xACED00057372000D6A6176612E74696D652E536572955D84BA1B2248B20C00007870770E05000007E1040C0E34353722614078', 'CANCELED', 77, 103);
INSERT INTO public.checked_adverts (id, checked_adverts_date, checked_adverts_status, advert_id, user_id) VALUES (88, E'\\xACED00057372000D6A6176612E74696D652E536572955D84BA1B2248B20C00007870770E05000007E1040C0E34353722614078', 'CANCELED', 78, 103);
INSERT INTO public.checked_adverts (id, checked_adverts_date, checked_adverts_status, advert_id, user_id) VALUES (89, E'\\xACED00057372000D6A6176612E74696D652E536572955D84BA1B2248B20C00007870770E05000007E1040C0E34353722614078', 'CANCELED', 79, 100);
INSERT INTO public.checked_adverts (id, checked_adverts_date, checked_adverts_status, advert_id, user_id) VALUES (90, E'\\xACED00057372000D6A6176612E74696D652E536572955D84BA1B2248B20C00007870770E05000007E1040C0E34353722614078', 'CANCELED', 80, 101);
INSERT INTO public.checked_adverts (id, checked_adverts_date, checked_adverts_status, advert_id, user_id) VALUES (91, E'\\xACED00057372000D6A6176612E74696D652E536572955D84BA1B2248B20C00007870770E05000007E1040C0E34353722614078', 'CANCELED', 81, 101);